house,lat_ego,long_ego,remit
1,-1.278857181,36.87752154,NA
2,-1.278857181,36.87752154,1
3,-1.278857181,36.87752154,NA
4,-1.278857181,36.87752154,1
5,-1.278857181,36.87752154,1
6,-1.278857181,36.87752154,1
7,-1.278857181,36.87752154,1
8,-1.278857181,36.87752154,1
9,-1.278857181,36.87752154,NA
10,-1.278857181,36.87752154,NA
11,-1.278857181,36.87752154,NA
12,-1.278857181,36.87752154,1
13,-1.278857181,36.87752154,1
14,-1.278857181,36.87752154,NA
15,-1.278857181,36.87752154,NA
16,-1.278857181,36.87752154,1
17,-1.278857181,36.87752154,NA
18,-1.170804963,36.83215946,NA
19,-1.213613261,36.66018801,1
20,-1.213613261,36.66018801,NA
21,-1.170804963,36.83215946,NA
22,-1.170804963,36.83215946,NA
23,-1.058419348,36.773918020000004,NA
24,-1.170804963,36.83215946,1
25,-1.213613261,36.66018801,NA
26,-1.213613261,36.66018801,NA
27,-0.754425695,34.82872552,1
28,-0.662238252,34.85472107,1
29,-0.754425695,34.82872552,NA
30,-0.70441522,34.69546123,1
31,-0.754425695,34.82872552,1
32,-0.70441522,34.69546123,NA
33,-0.678288351,34.70904985,NA
34,-0.678288351,34.70904985,1
35,-0.678288351,34.70904985,NA
36,-1.522391812,37.26633915,1
37,-1.522391812,37.26633915,1
39,-1.522391812,37.26633915,NA
40,-0.283812727,36.09431466,1
41,-0.283812727,36.09431466,1
42,-0.283812727,36.09431466,NA
43,-0.283812727,36.09431466,1
44,-0.70441522,34.69546123,NA
45,-0.70441522,34.69546123,NA
46,-0.678288351,34.70904985,NA
47,-0.678288351,34.70904985,1
48,-0.70441522,34.69546123,NA
49,-0.678288351,34.70904985,NA
50,-0.678288351,34.70904985,1
51,-0.678288351,34.70904985,NA
52,-0.678288351,34.70904985,NA
53,-0.678288351,34.70904985,NA
54,-0.70441522,34.69546123,1
55,-0.70441522,34.69546123,1
56,-0.70441522,34.69546123,NA
57,-0.70441522,34.69546123,1
58,-0.70441522,34.69546123,NA
59,-0.70441522,34.69546123,NA
60,-0.674091366,34.77188889,1
61,-0.674091366,34.77188889,NA
62,-0.674091366,34.77188889,NA
63,-0.674091366,34.77188889,NA
64,-0.674091366,34.77188889,NA
65,-0.674091366,34.77188889,NA
66,-0.674091366,34.77188889,NA
67,-0.754425695,34.82872552,1
68,-0.662238252,34.85472107,NA
69,-0.662238252,34.85472107,1
70,-0.662238252,34.85472107,1
71,-0.754425695,34.82872552,1
72,-0.754425695,34.82872552,NA
73,-0.754425695,34.82872552,1
74,-0.754425695,34.82872552,1
75,-0.678288351,34.70904985,1
76,-0.678288351,34.70904985,1
77,-0.678288351,34.70904985,1
78,-0.678288351,34.70904985,NA
79,-0.754425695,34.82872552,NA
80,-0.754425695,34.82872552,1
81,-0.754425695,34.82872552,1
82,-0.754425695,34.82872552,1
83,-0.754425695,34.82872552,NA
84,-0.754425695,34.82872552,1
85,-0.662238252,34.85472107,1
86,-0.662238252,34.85472107,1
87,-0.662238252,34.85472107,1
88,-0.70441522,34.69546123,1
89,-0.674091366,34.77188889,1
90,-0.674091366,34.77188889,1
91,-0.662238252,34.85472107,1
92,-0.662238252,34.85472107,1
93,-0.70441522,34.69546123,1
94,-0.70441522,34.69546123,1
95,-0.70441522,34.69546123,1
96,-0.70441522,34.69546123,NA
97,-0.70441522,34.69546123,1
98,-0.678288351,34.70904985,1
99,-0.678288351,34.70904985,1
100,-0.70441522,34.69546123,1
101,-0.70441522,34.69546123,1
102,-0.70441522,34.69546123,1
103,-0.678288351,34.70904985,1
104,-0.678288351,34.70904985,NA
105,-0.754425695,34.82872552,1
106,-0.754425695,34.82872552,1
107,-0.754425695,34.82872552,1
108,-0.754425695,34.82872552,1
109,-0.662238252,34.85472107,NA
110,-0.662238252,34.85472107,NA
111,-0.662238252,34.85472107,NA
112,-0.662238252,34.85472107,1
113,-0.754425695,34.82872552,NA
114,-0.754425695,34.82872552,NA
115,-0.754425695,34.82872552,NA
116,-0.754425695,34.82872552,NA
117,-0.754425695,34.82872552,NA
118,-0.754425695,34.82872552,1
119,-0.754425695,34.82872552,NA
120,-0.754425695,34.82872552,NA
121,-0.662238252,34.85472107,1
122,-0.662238252,34.85472107,NA
123,-0.674091366,34.77188889,NA
124,-0.674091366,34.77188889,NA
125,-0.754425695,34.82872552,1
126,-0.70441522,34.69546123,1
127,-0.678288351,34.70904985,NA
128,-0.678288351,34.70904985,NA
129,-0.678288351,34.70904985,1
130,-0.678288351,34.70904985,1
131,-0.678288351,34.70904985,NA
132,-0.70441522,34.69546123,NA
133,-0.70441522,34.69546123,1
134,-0.70441522,34.69546123,1
135,-0.70441522,34.69546123,1
136,-0.70441522,34.69546123,1
137,-0.662238252,34.85472107,1
138,-0.662238252,34.85472107,NA
139,-0.662238252,34.85472107,1
140,-0.662238252,34.85472107,1
141,-0.662238252,34.85472107,1
142,-0.662238252,34.85472107,1
143,-0.662238252,34.85472107,NA
144,-0.662238252,34.85472107,1
145,-0.674091366,34.77188889,1
146,-0.674091366,34.77188889,1
147,-0.674091366,34.77188889,1
148,-0.674091366,34.77188889,NA
149,-0.674091366,34.77188889,1
150,-0.674091366,34.77188889,1
151,-1.170374442,36.83007059,1
152,-1.170374442,36.83007059,NA
153,-1.170374442,36.83007059,NA
154,-1.170374442,36.83007059,NA
155,-1.170374442,36.83007059,NA
156,-1.170374442,36.83007059,1
157,-1.170374442,36.83007059,1
158,-1.170374442,36.83007059,NA
159,-1.170374442,36.83007059,1
160,-1.170374442,36.83007059,NA
161,-1.170374442,36.83007059,NA
162,-1.170374442,36.83007059,1
163,-1.170374442,36.83007059,1
164,-1.170374442,36.83007059,1
165,-1.170374442,36.83007059,1
166,-1.170374442,36.83007059,1
167,-1.170374442,36.83007059,1
168,-1.170374442,36.83007059,1
169,-1.170374442,36.83007059,1
170,-1.170374442,36.83007059,1
171,-1.170374442,36.83007059,NA
172,-1.170374442,36.83007059,1
173,-1.267001706,36.88035515,NA
174,-1.254882111,36.83204676,NA
175,-1.254882111,36.83204676,NA
176,-1.254882111,36.83204676,1
177,-1.254882111,36.83204676,1
178,-1.254882111,36.83204676,NA
179,-1.254882111,36.83204676,NA
180,-1.254882111,36.83204676,NA
181,-1.254882111,36.83204676,NA
182,-1.254882111,36.83204676,NA
183,-1.254882111,36.83204676,NA
184,-1.254882111,36.83204676,NA
185,-1.254882111,36.83204676,NA
186,-1.254882111,36.83204676,NA
187,-1.254882111,36.83204676,1
188,-1.254882111,36.83204676,1
189,-1.254882111,36.83204676,NA
190,-1.254882111,36.83204676,NA
191,-1.267001706,36.88035515,NA
192,-1.267001706,36.88035515,NA
193,-1.267001706,36.88035515,1
194,-1.267001706,36.88035515,1
195,-1.267001706,36.88035515,1
196,-1.267001706,36.88035515,1
197,-1.267001706,36.88035515,NA
199,-1.267001706,36.88035515,1
200,-1.267001706,36.88035515,1
201,-1.267001706,36.88035515,1
202,-1.267001706,36.88035515,1
203,-1.267001706,36.88035515,NA
204,-1.267001706,36.88035515,NA
205,-1.267001706,36.88035515,1
206,-1.267001706,36.88035515,NA
207,-1.267001706,36.88035515,1
208,-1.267001706,36.88035515,1
209,-1.267001706,36.88035515,NA
210,-1.267001706,36.88035515,NA
211,-1.058419348,36.773918020000004,NA
212,-1.058419348,36.773918020000004,NA
213,-1.058419348,36.773918020000004,1
214,-1.058419348,36.773918020000004,NA
215,-1.058419348,36.773918020000004,1
216,-1.058419348,36.773918020000004,1
217,-1.058419348,36.773918020000004,NA
218,-1.058419348,36.773918020000004,NA
219,-1.058419348,36.773918020000004,NA
220,-1.058419348,36.773918020000004,NA
221,-1.058419348,36.773918020000004,NA
222,-1.058419348,36.773918020000004,1
223,-1.058419348,36.773918020000004,1
224,-1.058419348,36.773918020000004,NA
225,-1.058419348,36.773918020000004,NA
226,-1.058419348,36.773918020000004,1
227,-1.175746093,36.75241747,NA
228,-1.175746093,36.75241747,NA
229,-1.175746093,36.75241747,1
230,-1.175746093,36.75241747,NA
231,-1.175746093,36.75241747,1
232,-1.175746093,36.75241747,1
233,-1.175746093,36.75241747,1
234,-1.175746093,36.75241747,1
235,-1.175746093,36.75241747,NA
236,-1.175746093,36.75241747,NA
237,-1.175746093,36.75241747,NA
238,-1.175746093,36.75241747,NA
239,-1.175746093,36.75241747,NA
240,-1.175746093,36.75241747,NA
241,-1.175746093,36.75241747,NA
242,-1.175746093,36.75241747,NA
243,-1.175746093,36.75241747,1
244,-1.175746093,36.75241747,NA
245,-1.175746093,36.75241747,NA
246,-1.170374442,36.83007059,1
247,-1.170374442,36.83007059,1
248,-1.170374442,36.83007059,NA
249,-1.170374442,36.83007059,1
250,-1.213613261,36.66018801,1
251,-1.213613261,36.66018801,1
252,-1.213613261,36.66018801,1
253,-1.213613261,36.66018801,1
254,-1.213613261,36.66018801,1
255,-1.213613261,36.66018801,1
256,-1.213613261,36.66018801,NA
257,-1.213613261,36.66018801,NA
258,-1.213613261,36.66018801,NA
259,-1.213613261,36.66018801,NA
260,-1.213613261,36.66018801,NA
261,-1.213613261,36.66018801,1
262,-1.213613261,36.66018801,1
263,-1.213613261,36.66018801,NA
264,-1.213613261,36.66018801,1
265,-1.213613261,36.66018801,NA
266,-1.213613261,36.66018801,NA
267,-1.213613261,36.66018801,1
268,-1.213613261,36.66018801,1
269,-1.213613261,36.66018801,1
270,-1.213613261,36.66018801,1
271,-1.213613261,36.66018801,NA
272,-1.213613261,36.66018801,1
273,-1.213613261,36.66018801,1
274,-1.213613261,36.66018801,NA
275,-1.213613261,36.66018801,NA
276,-1.213613261,36.66018801,1
277,-1.213613261,36.66018801,NA
278,-1.213613261,36.66018801,NA
279,-1.213613261,36.66018801,1
280,-1.213613261,36.66018801,1
281,-1.213613261,36.66018801,1
282,-1.213613261,36.66018801,NA
283,-1.213613261,36.66018801,NA
284,-1.213613261,36.66018801,1
285,-1.213613261,36.66018801,1
286,-1.213613261,36.66018801,1
287,-1.213613261,36.66018801,1
288,-1.213613261,36.66018801,NA
289,-1.170804963,36.83215946,1
290,-1.170804963,36.83215946,NA
291,-1.170804963,36.83215946,NA
292,-1.170804963,36.83215946,1
293,-1.170804963,36.83215946,NA
294,-1.170804963,36.83215946,NA
295,-1.170804963,36.83215946,1
296,-1.170804963,36.83215946,1
297,-1.170804963,36.83215946,NA
298,-1.170804963,36.83215946,NA
299,-1.170804963,36.83215946,1
300,-1.170804963,36.83215946,NA
301,-1.170804963,36.83215946,NA
302,-1.170804963,36.83215946,NA
303,-1.170804963,36.83215946,NA
304,-1.170804963,36.83215946,NA
305,-1.170804963,36.83215946,NA
306,-1.170804963,36.83215946,1
307,-1.170804963,36.83215946,NA
308,-1.170804963,36.83215946,1
309,-0.674091366,34.77188889,1
310,-0.674091366,34.77188889,NA
311,-0.674091366,34.77188889,NA
312,-0.674091366,34.77188889,NA
313,-0.70441522,34.69546123,NA
314,-1.298984456,36.8069776,1
315,-1.298984456,36.8069776,NA
316,-1.298984456,36.8069776,NA
317,-1.298984456,36.8069776,1
318,-1.298984456,36.8069776,1
319,-0.425136583,34.68950586,1
320,-0.425136583,34.68950586,1
321,-0.425136583,34.68950586,1
322,-0.425136583,34.68950586,1
323,-1.298984456,36.8069776,NA
324,-1.298984456,36.8069776,NA
325,-0.425136583,34.68950586,1
326,-1.298984456,36.8069776,1
327,-1.298984456,36.8069776,NA
328,-1.298984456,36.8069776,1
329,-0.425136583,34.68950586,1
330,-0.425136583,34.68950586,1
331,-0.425136583,34.68950586,1
332,-1.298984456,36.8069776,1
333,-0.425136583,34.68950586,1
334,-0.425136583,34.68950586,1
335,-1.298984456,36.8069776,NA
336,-1.298984456,36.8069776,NA
337,-1.298984456,36.8069776,1
338,-1.298984456,36.8069776,NA
339,-1.298984456,36.8069776,NA
340,-1.298984456,36.8069776,NA
341,-1.298984456,36.8069776,NA
342,-1.298984456,36.8069776,NA
343,-1.298984456,36.8069776,1
344,-0.425136583,34.68950586,NA
345,-0.425136583,34.68950586,NA
346,-0.425136583,34.68950586,NA
347,-0.425136583,34.68950586,1
348,-0.425136583,34.68950586,NA
349,-0.425136583,34.68950586,NA
350,-0.425136583,34.68950586,NA
351,-1.298984456,36.8069776,1
352,-1.298984456,36.8069776,NA
353,-1.298984456,36.8069776,1
354,-1.298984456,36.8069776,NA
356,-1.298984456,36.8069776,NA
357,-1.298984456,36.8069776,NA
358,-0.502554,34.73417442,1
359,-0.502554,34.73417442,NA
360,-0.502554,34.73417442,1
361,-0.502554,34.73417442,1
362,-0.502554,34.73417442,NA
363,-0.502554,34.73417442,NA
364,-0.425136583,34.68950586,1
365,-0.425136583,34.68950586,NA
366,-0.502554,34.73417442,NA
367,-0.502554,34.73417442,NA
368,-0.502554,34.73417442,1
369,-0.502554,34.73417442,1
370,-0.502554,34.73417442,NA
371,-0.502554,34.73417442,NA
372,-0.495313912,34.73284732,NA
373,-0.495313912,34.73284732,NA
374,-0.495313912,34.73284732,1
375,-0.495313912,34.73284732,NA
376,-0.495313912,34.73284732,1
377,-0.495313912,34.73284732,NA
378,-0.495313912,34.73284732,1
379,-0.495313912,34.73284732,1
380,-0.495313912,34.73284732,1
381,-0.495313912,34.73284732,1
382,-0.495313912,34.73284732,NA
383,-0.495313912,34.73284732,NA
384,-0.495313912,34.73284732,1
385,-0.495313912,34.73284732,NA
386,-0.495313912,34.73284732,1
387,-0.495313912,34.73284732,NA
388,-0.495313912,34.73284732,1
389,-0.495313912,34.73284732,1
390,-0.495313912,34.73284732,1
400,-0.495313912,34.73284732,1
401,-0.495313912,34.73284732,1
402,-0.495313912,34.73284732,1
403,-0.495313912,34.73284732,NA
404,-0.495313912,34.73284732,1
405,-0.502554,34.73417442,1
406,-0.502554,34.73417442,1
407,-0.502554,34.73417442,NA
408,-0.110336674,35.94205931,NA
409,-0.110336674,35.94205931,1
410,-0.110336674,35.94205931,1
411,-0.275922368,36.07027959,1
412,-0.275922368,36.07027959,NA
413,-0.275922368,36.07027959,NA
414,-0.275922368,36.07027959,NA
415,-0.275922368,36.07027959,NA
416,-0.275922368,36.07027959,NA
418,-0.275922368,36.07027959,NA
419,-0.275922368,36.07027959,NA
420,-0.275922368,36.07027959,NA
421,-0.502554,34.73417442,NA
422,-0.275922368,36.07027959,1
423,-0.275922368,36.07027959,NA
424,-0.275922368,36.07027959,1
425,-0.275922368,36.07027959,NA
426,-0.369182194,35.94336408,1
427,-0.369182194,35.94336408,1
428,-0.369182194,35.94336408,NA
429,-0.110336674,35.94205931,1
430,-0.110336674,35.94205931,1
431,-0.275922368,36.07027959,NA
432,-0.275922368,36.07027959,NA
433,-0.275922368,36.07027959,NA
434,-0.275922368,36.07027959,NA
435,-0.275922368,36.07027959,NA
436,-0.275922368,36.07027959,NA
437,-0.275922368,36.07027959,NA
438,-0.369182194,35.94336408,NA
439,-0.369182194,35.94336408,NA
440,-0.369182194,35.94336408,NA
441,-0.369182194,35.94336408,NA
442,-0.369182194,35.94336408,NA
443,-0.369182194,35.94336408,NA
444,-0.369182194,35.94336408,NA
445,-0.275922368,36.07027959,NA
446,-0.275922368,36.07027959,1
447,-0.110336674,35.94205931,NA
448,-0.275922368,36.07027959,NA
449,-0.110336674,35.94205931,NA
450,-0.110336674,35.94205931,1
451,-0.110336674,35.94205931,1
452,-0.275922368,36.07027959,NA
453,-0.275922368,36.07027959,NA
454,-0.275922368,36.07027959,NA
455,-0.275922368,36.07027959,NA
456,-0.275922368,36.07027959,NA
457,-0.275922368,36.07027959,NA
458,-0.275922368,36.07027959,1
459,-0.275922368,36.07027959,1
460,-0.275922368,36.07027959,NA
461,-0.283812727,36.09431466,NA
462,-0.283812727,36.09431466,NA
463,-0.283812727,36.09431466,1
464,-0.283812727,36.09431466,1
465,-0.283812727,36.09431466,1
466,-0.283812727,36.09431466,1
467,-0.283812727,36.09431466,NA
468,-0.110336674,35.94205931,NA
469,-0.283812727,36.09431466,1
470,-1.277725066,36.79054034,NA
471,-1.277725066,36.79054034,NA
472,-1.277725066,36.79054034,NA
473,-1.277725066,36.79054034,NA
474,-1.277725066,36.79054034,1
475,-1.277725066,36.79054034,NA
476,-1.277725066,36.79054034,NA
477,-1.277725066,36.79054034,NA
478,-1.277725066,36.79054034,1
479,-1.277725066,36.79054034,NA
480,-1.277725066,36.79054034,NA
481,-1.277725066,36.79054034,NA
482,-1.277725066,36.79054034,NA
484,-1.296292895,36.87271104,NA
485,-1.296292895,36.87271104,NA
486,-1.296292895,36.87271104,NA
487,-1.296292895,36.87271104,NA
488,-1.296292895,36.87271104,NA
489,-1.296292895,36.87271104,NA
490,-1.296292895,36.87271104,NA
491,-1.296292895,36.87271104,NA
492,-1.296292895,36.87271104,NA
493,-1.296292895,36.87271104,NA
494,-1.041188884,37.0787284,1
495,-1.041188884,37.0787284,NA
496,-1.041188884,37.0787284,1
497,-0.923809304,37.00615886,NA
498,-1.016283022,36.91457325,NA
499,-1.016283022,36.91457325,1
500,-1.016283022,36.91457325,1
501,-0.283812727,36.09431466,1
502,-0.283812727,36.09431466,NA
503,-0.283812727,36.09431466,NA
504,-0.283812727,36.09431466,NA
505,-0.283812727,36.09431466,NA
506,-1.277725066,36.79054034,NA
507,-0.448509961,39.65421677,NA
508,-0.448509961,39.65421677,1
509,-0.448509961,39.65421677,NA
510,-0.448509961,39.65421677,1
511,-0.448509961,39.65421677,NA
512,-0.448244644,39.65445633,NA
513,-0.448244644,39.65445633,1
514,-0.448244644,39.65445633,1
515,-0.448244644,39.65445633,1
516,-0.448244644,39.65445633,NA
517,-0.448244644,39.65445633,NA
518,-0.448244644,39.65445633,NA
519,-0.448244644,39.65445633,1
520,-0.448509961,39.65421677,1
521,-0.448509961,39.65421677,NA
522,-0.448509961,39.65421677,NA
523,-0.448509961,39.65421677,NA
524,-0.448509961,39.65421677,1
525,-0.448509961,39.65421677,1
526,-0.448509961,39.65421677,NA
527,-0.448509961,39.65421677,NA
528,-0.448509961,39.65421677,NA
529,-0.448509961,39.65421677,NA
530,-0.448509961,39.65421677,NA
531,-0.448509961,39.65421677,NA
532,-0.448509961,39.65421677,NA
533,-0.448509961,39.65421677,NA
534,-0.448244644,39.65445633,1
535,-0.448244644,39.65445633,NA
536,-0.448244644,39.65445633,NA
537,-0.448244644,39.65445633,NA
538,-0.448244644,39.65445633,NA
539,-0.448509961,39.65421677,NA
540,-0.448509961,39.65421677,1
541,-0.448509961,39.65421677,NA
542,-0.448509961,39.65421677,1
543,-0.448509961,39.65421677,1
544,-0.44980003,39.63990781,NA
545,-0.400624514,34.66554334,NA
546,-0.44980003,39.63990781,NA
547,-0.44980003,39.63990781,1
548,-0.44980003,39.63990781,NA
549,-0.448509961,39.65421677,1
550,-0.448509961,39.65421677,1
551,-0.448509961,39.65421677,NA
552,-0.448509961,39.65421677,NA
553,-0.448509961,39.65421677,NA
554,-0.448509961,39.65421677,1
555,-0.44980003,39.63990781,1
556,-0.44980003,39.63990781,1
557,-0.44980003,39.63990781,NA
558,-0.44980003,39.63990781,1
559,-0.44980003,39.63990781,1
560,-0.448509961,39.65421677,1
561,-0.448509961,39.65421677,1
562,-0.448509961,39.65421677,NA
563,-0.448509961,39.65421677,NA
564,-0.448509961,39.65421677,NA
565,-0.448509961,39.65421677,NA
566,-0.448509961,39.65421677,NA
567,-0.448509961,39.65421677,1
568,-0.448509961,39.65421677,NA
569,-0.448509961,39.65421677,NA
570,-0.448509961,39.65421677,1
571,-0.44980003,39.63990781,1
572,-0.44980003,39.63990781,NA
573,-0.44980003,39.63990781,1
574,-0.400624514,34.66554334,NA
575,-0.400624514,34.66554334,1
576,-0.400624514,34.66554334,NA
577,-0.400624514,34.66554334,NA
578,-0.400624514,34.66554334,NA
579,-0.400624514,34.66554334,NA
580,-0.400624514,34.66554334,NA
581,-0.400624514,34.66554334,1
582,-0.400624514,34.66554334,1
583,-0.400624514,34.66554334,1
584,-0.400624514,34.66554334,1
585,-0.400624514,34.66554334,1
586,-0.400624514,34.66554334,NA
587,-0.400624514,34.66554334,1
588,-0.400624514,34.66554334,1
589,-0.400624514,34.66554334,1
590,-0.400624514,34.66554334,1
591,-0.400624514,34.66554334,NA
592,-0.400624514,34.66554334,NA
593,-0.400624514,34.66554334,1
594,-0.400624514,34.66554334,1
595,-0.400624514,34.66554334,1
596,-0.400624514,34.66554334,1
597,-0.369182194,35.94336408,1
598,-0.369182194,35.94336408,NA
599,-0.369182194,35.94336408,NA
600,-0.369182194,35.94336408,1
601,-0.369182194,35.94336408,1
602,-0.275922368,36.07027959,NA
603,-0.275922368,36.07027959,NA
604,-0.110336674,35.94205931,1
605,-0.110336674,35.94205931,NA
606,-0.110336674,35.94205931,1
607,-0.283812727,36.09431466,NA
608,-0.283812727,36.09431466,NA
609,-0.283812727,36.09431466,NA
610,-0.283812727,36.09431466,1
611,-0.283812727,36.09431466,NA
612,-0.283812727,36.09431466,1
613,-0.283812727,36.09431466,NA
614,-0.283812727,36.09431466,1
615,-0.283812727,36.09431466,NA
616,-0.283812727,36.09431466,1
617,-0.283812727,36.09431466,NA
618,-0.275922368,36.07027959,NA
619,-0.275922368,36.07027959,NA
620,0.686881781,34.99065085,NA
621,0.686881781,34.99065085,NA
622,0.686881781,34.99065085,NA
623,0.686881781,34.99065085,NA
624,0.686881781,34.99065085,NA
625,0.686881781,34.99065085,1
626,0.686881781,34.99065085,NA
627,0.686881781,34.99065085,1
628,0.686881781,34.99065085,NA
629,0.686881781,34.99065085,1
630,0.686881781,34.99065085,NA
631,0.686881781,34.99065085,NA
632,0.686881781,34.99065085,NA
633,0.686881781,34.99065085,NA
634,0.686881781,34.99065085,NA
635,0.686881781,34.99065085,NA
636,0.686881781,34.99065085,NA
637,0.651269818,34.87616289,NA
638,0.651269818,34.87616289,NA
639,0.651269818,34.87616289,NA
640,0.651269818,34.87616289,NA
641,0.651269818,34.87616289,NA
642,0.651269818,34.87616289,NA
643,0.651269818,34.87616289,1
656,0.651451675,34.87612009,NA
657,0.651451675,34.87612009,NA
658,0.651451675,34.87612009,NA
659,0.651451675,34.87612009,NA
660,0.651451675,34.87612009,NA
661,0.651451675,34.87612009,NA
662,0.651451675,34.87612009,NA
663,0.651451675,34.87612009,1
678,0.633755504,35.0218391,NA
679,0.633755504,35.0218391,NA
680,0.633755504,35.0218391,NA
681,0.633755504,35.0218391,NA
682,0.633755504,35.0218391,NA
683,0.633755504,35.0218391,NA
697,-1.283550951,36.79040057,NA
698,-1.283550951,36.79040057,NA
699,-1.283550951,36.79040057,NA
700,-1.283550951,36.79040057,NA
701,-1.283550951,36.79040057,1
702,-1.283550951,36.79040057,NA
703,-1.283550951,36.79040057,NA
704,-1.283550951,36.79040057,NA
705,-1.283550951,36.79040057,NA
706,-1.283550951,36.79040057,NA
707,-1.283550951,36.79040057,NA
708,-1.283550951,36.79040057,NA
709,-1.283550951,36.79040057,NA
710,-1.283550951,36.79040057,1
711,-1.283550951,36.79040057,NA
712,-1.283550951,36.79040057,1
713,-1.396492153,36.83163364,NA
714,-1.396492153,36.83163364,NA
715,-1.396492153,36.83163364,1
716,-1.396492153,36.83163364,1
717,-1.396492153,36.83163364,NA
718,-1.396492153,36.83163364,1
719,-1.396492153,36.83163364,1
720,-1.396492153,36.83163364,NA
722,-1.396492153,36.83163364,NA
723,-1.396492153,36.83163364,NA
725,-1.396492153,36.83163364,NA
726,-1.396492153,36.83163364,NA
727,-1.396492153,36.83163364,NA
728,-1.396492153,36.83163364,NA
729,-1.396492153,36.83163364,NA
730,-1.396492153,36.83163364,NA
731,-1.396492153,36.83163364,NA
732,-1.396492153,36.83163364,NA
733,-1.396492153,36.83163364,NA
734,-1.396492153,36.83163364,NA
735,-1.255299966,36.91591022,NA
736,-1.255299966,36.91591022,NA
737,-1.255299966,36.91591022,NA
738,-1.255299966,36.91591022,NA
739,-1.255299966,36.91591022,NA
740,-1.255299966,36.91591022,NA
741,-1.255299966,36.91591022,NA
742,-1.255299966,36.91591022,NA
743,-1.255299966,36.91591022,NA
744,-1.255299966,36.91591022,NA
745,-1.255299966,36.91591022,NA
746,-1.255299966,36.91591022,NA
747,-1.255299966,36.91591022,NA
748,-1.255299966,36.91591022,NA
749,-1.254882111,36.83204676,1
750,-1.278857181,36.87752154,1
751,-1.278857181,36.87752154,1
752,-1.254882111,36.83204676,NA
753,-1.254882111,36.83204676,NA
754,-0.44980003,39.63990781,NA
755,-0.44980003,39.63990781,NA
756,-0.44980003,39.63990781,NA
757,-0.44980003,39.63990781,NA
758,-0.44980003,39.63990781,NA
759,-0.44980003,39.63990781,NA
760,-0.44980003,39.63990781,1
761,-0.448509961,39.65421677,1
762,-0.448509961,39.65421677,1
763,-0.44980003,39.63990781,1
764,-0.448509961,39.65421677,1
765,-0.448509961,39.65421677,NA
766,-0.448509961,39.65421677,NA
767,-0.440424441,39.66017825,1
768,-0.440424441,39.66017825,1
769,-0.448244644,39.65445633,1
770,-0.448244644,39.65445633,1
771,-0.440424441,39.66017825,NA
772,-0.440424441,39.66017825,NA
773,-0.440424441,39.66017825,NA
774,-0.448244644,39.65445633,NA
775,-0.448509961,39.65421677,1
776,-0.440424441,39.66017825,1
777,-0.448509961,39.65421677,1
778,-0.448509961,39.65421677,1
779,-0.448509961,39.65421677,1
780,-0.448509961,39.65421677,1
781,-0.448509961,39.65421677,1
782,-0.440424441,39.66017825,1
783,-0.440424441,39.66017825,1
784,-0.440424441,39.66017825,1
785,-0.448509961,39.65421677,1
786,-0.448509961,39.65421677,1
787,-0.448509961,39.65421677,1
788,-0.448509961,39.65421677,1
789,-0.448244644,39.65445633,1
790,-0.448244644,39.65445633,NA
791,-0.448244644,39.65445633,1
792,-0.448244644,39.65445633,NA
793,-0.448244644,39.65445633,NA
794,-0.440424441,39.66017825,NA
795,-1.269577908,36.84078563,NA
796,-1.269577908,36.84078563,NA
797,-1.269577908,36.84078563,NA
798,-1.269577908,36.84078563,NA
799,-1.269577908,36.84078563,NA
800,-1.269577908,36.84078563,NA
801,-1.269577908,36.84078563,NA
803,-1.269577908,36.84078563,1
804,-1.269577908,36.84078563,1
805,-1.269577908,36.84078563,1
806,-1.269577908,36.84078563,1
807,-1.269577908,36.84078563,NA
808,-1.269577908,36.84078563,1
809,-1.269577908,36.84078563,1
810,-1.269577908,36.84078563,NA
811,-1.250681394,36.75244144,NA
813,-1.250681394,36.75244144,1
814,-1.250681394,36.75244144,NA
815,-1.250681394,36.75244144,1
816,-1.250681394,36.75244144,1
818,-1.250681394,36.75244144,NA
819,-1.250681394,36.75244144,NA
820,-1.250681394,36.75244144,NA
821,-1.250681394,36.75244144,NA
822,-1.250681394,36.75244144,NA
823,-1.250681394,36.75244144,NA
824,-1.250681394,36.75244144,NA
825,-1.250681394,36.75244144,NA
826,-1.250681394,36.75244144,NA
827,-1.522119854,37.26569689,1
828,-1.522119854,37.26569689,1
829,-1.522119854,37.26569689,1
830,-1.522119854,37.26569689,1
831,-1.522119854,37.26569689,1
832,-1.522119854,37.26569689,1
833,-1.522119854,37.26569689,NA
834,-1.522119854,37.26569689,NA
835,-1.522119854,37.26569689,1
836,-1.522119854,37.26569689,1
837,-1.522119854,37.26569689,1
838,-1.522119854,37.26569689,1
839,-1.522119854,37.26569689,1
840,-1.522119854,37.26569689,1
841,-1.522119854,37.26569689,NA
842,-1.522119854,37.26569689,NA
843,-1.522119854,37.26569689,NA
844,-1.522391812,37.26633915,NA
845,-1.522391812,37.26633915,1
846,-1.522391812,37.26633915,NA
847,-1.522391812,37.26633915,NA
848,-1.522391812,37.26633915,NA
849,-1.522391812,37.26633915,NA
850,-1.522391812,37.26633915,1
851,-1.522391812,37.26633915,NA
852,-1.253745825,36.75036738,NA
853,-1.522391812,37.26633915,NA
854,-1.522391812,37.26633915,NA
855,-1.522391812,37.26633915,NA
856,-1.522391812,37.26633915,1
857,-1.522391812,37.26633915,1
858,-1.522391812,37.26633915,1
859,-1.522391812,37.26633915,1
860,-1.522391812,37.26633915,1
861,-1.522119854,37.26569689,NA
862,-1.522119854,37.26569689,NA
863,-1.522119854,37.26569689,NA
864,-1.522391812,37.26633915,NA
865,-1.522391812,37.26633915,NA
866,-1.522391812,37.26633915,NA
867,-1.522391812,37.26633915,1
869,-1.253745825,36.75036738,1
870,-1.253745825,36.75036738,NA
872,-1.253745825,36.75036738,1
873,-1.253745825,36.75036738,1
875,-1.253745825,36.75036738,NA
876,-1.253745825,36.75036738,1
877,-1.253745825,36.75036738,NA
878,-1.253745825,36.75036738,1
879,-1.253745825,36.75036738,1
880,-1.253745825,36.75036738,1
881,-1.253745825,36.75036738,1
882,-1.253745825,36.75036738,NA
883,-1.253745825,36.75036738,1
884,-1.253745825,36.75036738,1
885,-1.253745825,36.75036738,NA
886,-1.253745825,36.75036738,1
887,-0.971685469,37.99497116,1
888,-0.971685469,37.99497116,1
889,-0.971685469,37.99497116,1
890,-0.971685469,37.99497116,NA
891,-1.521255838,37.26570298,1
892,-1.521255838,37.26570298,1
893,-1.521255838,37.26570298,NA
894,-1.521255838,37.26570298,1
895,-1.521255838,37.26570298,1
896,-1.521255838,37.26570298,1
897,-1.521255838,37.26570298,NA
898,-1.521255838,37.26570298,1
899,-1.521255838,37.26570298,1
900,-1.521255838,37.26570298,1
901,-1.521255838,37.26570298,NA
902,-1.521255838,37.26570298,NA
903,-1.521255838,37.26570298,1
904,-1.521255838,37.26570298,1
905,-1.521255838,37.26570298,NA
906,-1.521255838,37.26570298,NA
907,-1.521255838,37.26570298,NA
908,-1.253745825,36.75036738,1
909,-1.522119854,37.26569689,NA
910,-0.971685469,37.99497116,1
911,-0.971685469,37.99497116,1
912,-0.971685469,37.99497116,1
913,-0.971685469,37.99497116,1
914,-0.971685469,37.99497116,1
915,-0.971685469,37.99497116,1
916,-0.971685469,37.99497116,NA
917,-0.971685469,37.99497116,NA
918,-0.971685469,37.99497116,NA
919,-0.971685469,37.99497116,1
920,-0.971685469,37.99497116,1
921,-0.971685469,37.99497116,1
922,-0.971685469,37.99497116,1
923,-0.971685469,37.99497116,1
924,-0.971685469,37.99497116,NA
925,-0.971685469,37.99497116,1
926,-0.971685469,37.99497116,1
927,-1.521255838,37.26570298,1
928,-1.521255838,37.26570298,NA
929,-1.521255838,37.26570298,NA
930,-1.521255838,37.26570298,NA
931,-1.296292895,36.87271104,NA
932,-1.296292895,36.87271104,1
933,-1.296292895,36.87271104,1
934,-1.296292895,36.87271104,NA
935,-1.296292895,36.87271104,1
936,-1.296292895,36.87271104,NA
938,-1.296292895,36.87271104,1
939,-1.296292895,36.87271104,1
940,-1.296292895,36.87271104,NA
941,-1.296292895,36.87271104,1
942,-1.097205267,37.02491062,1
943,-1.280655187,36.84627548,1
944,-1.280655187,36.84627548,1
945,-1.041188884,37.0787284,1
946,-0.923809304,37.00615886,1
947,-0.923809304,37.00615886,1
948,-0.923809304,37.00615886,1
949,-0.923809304,37.00615886,1
950,-0.923809304,37.00615886,1
951,-0.923809304,37.00615886,1
952,-1.041188884,37.0787284,NA
953,-1.097205267,37.02491062,NA
954,-1.097205267,37.02491062,1
955,-1.097205267,37.02491062,1
956,-1.280655187,36.84627548,NA
957,-1.280655187,36.84627548,1
958,-1.280655187,36.84627548,1
959,-1.041188884,37.0787284,NA
960,-1.041188884,37.0787284,NA
961,-1.058419348,36.773918020000004,1
962,-1.058419348,36.773918020000004,1
963,-1.041188884,37.0787284,1
964,-1.097205267,37.02491062,NA
965,-1.097205267,37.02491062,1
966,-0.923809304,37.00615886,1
967,-0.923809304,37.00615886,NA
968,-1.280655187,36.84627548,1
969,-1.280655187,36.84627548,1
970,-1.280655187,36.84627548,1
971,-1.041188884,37.0787284,1
972,-1.041188884,37.0787284,NA
973,-1.016283022,36.91457325,NA
974,-1.016283022,36.91457325,1
975,-0.923809304,37.00615886,1
976,-1.280655187,36.84627548,NA
977,-1.280655187,36.84627548,1
978,-1.280655187,36.84627548,1
979,-1.016283022,36.91457325,NA
980,-1.016283022,36.91457325,NA
981,-1.016283022,36.91457325,NA
982,-1.041188884,37.0787284,NA
983,-1.097205267,37.02491062,1
984,-1.041188884,37.0787284,1
985,-1.016283022,36.91457325,1
986,-0.923809304,37.00615886,1
987,-0.923809304,37.00615886,NA
988,-0.923809304,37.00615886,1
989,-0.923809304,37.00615886,1
990,-0.923809304,37.00615886,1
991,-1.016283022,36.91457325,NA
992,-1.016283022,36.91457325,NA
993,-1.280655187,36.84627548,NA
994,-1.280655187,36.84627548,NA
995,-1.280655187,36.84627548,NA
996,-1.016283022,36.91457325,1
997,-1.016283022,36.91457325,NA
998,-1.041188884,37.0787284,1
999,-1.097205267,37.02491062,NA
1000,-1.041188884,37.0787284,NA
1001,-0.923809304,37.00615886,NA
1002,-1.016283022,36.91457325,NA
1003,-1.016283022,36.91457325,NA
1004,-1.041188884,37.0787284,1
1005,-1.097205267,37.02491062,1
1006,-1.097205267,37.02491062,1
1007,-1.097205267,37.02491062,NA
1008,-1.280655187,36.84627548,1
1009,-1.280655187,36.84627548,NA
1010,-1.041188884,37.0787284,1
1011,-1.041188884,37.0787284,1
1012,-1.016283022,36.91457325,NA
1013,-1.016283022,36.91457325,NA
1014,-1.041188884,37.0787284,NA
1015,-1.041188884,37.0787284,1
1016,-1.097205267,37.02491062,1
1017,-1.097205267,37.02491062,NA
1018,-1.097205267,37.02491062,1
1019,-0.923809304,37.00615886,1
1020,-0.923809304,37.00615886,1
1021,-1.280655187,36.84627548,NA
1022,-1.280655187,36.84627548,NA
1023,-1.041188884,37.0787284,NA
1024,-0.923809304,37.00615886,NA
1025,-1.280655187,36.84627548,NA
1026,-1.280655187,36.84627548,1
1027,-1.280655187,36.84627548,NA
1028,-1.041188884,37.0787284,1
1029,-1.016283022,36.91457325,NA
1030,-1.016283022,36.91457325,NA
1031,-1.097205267,37.02491062,NA
1032,-1.280655187,36.84627548,NA
1033,-1.280655187,36.84627548,NA
1034,-0.923809304,37.00615886,NA
1035,-0.923809304,37.00615886,NA
1036,-1.041188884,37.0787284,NA
1037,-1.041188884,37.0787284,NA
1038,-1.041188884,37.0787284,NA
1039,-1.097205267,37.02491062,NA
1040,-1.097205267,37.02491062,NA
1041,-1.097205267,37.02491062,NA
1042,-1.097205267,37.02491062,NA
1043,-1.280655187,36.84627548,NA
1044,-3.826004893,39.76446172,NA
1045,-3.826004893,39.76446172,NA
1046,-1.016283022,36.91457325,NA
1047,-1.041188884,37.0787284,NA
1048,-1.041188884,37.0787284,NA
1049,-1.097205267,37.02491062,NA
1050,-1.097205267,37.02491062,NA
1051,-1.097205267,37.02491062,NA
1052,-1.097205267,37.02491062,NA
1053,-1.097205267,37.02491062,NA
1054,-1.016283022,36.91457325,NA
1055,-3.223163803,40.08609972,NA
1056,-3.223163803,40.08609972,NA
1057,-1.280655187,36.84627548,NA
1058,-1.280655187,36.84627548,NA
1059,-1.280655187,36.84627548,NA
1060,-3.22414082,40.08627707,1
1061,-3.826004893,39.76446172,1
1062,-3.826004893,39.76446172,NA
1063,-3.826004893,39.76446172,1
1064,-3.223163803,40.08609972,1
1065,-3.223163803,40.08609972,1
1066,-3.223163803,40.08609972,1
1067,-1.280655187,36.84627548,1
1068,-1.280655187,36.84627548,1
1069,-1.280655187,36.84627548,1
1070,-3.219793069,40.11219331,1
1071,-3.219793069,40.11219331,1
1072,-3.219793069,40.11219331,1
1073,-3.223163803,40.08609972,1
1074,-3.826004893,39.76446172,NA
1075,-3.826004893,39.76446172,1
1076,-3.219793069,40.11219331,1
1077,-3.219793069,40.11219331,1
1078,-3.826004893,39.76446172,1
1079,-3.219793069,40.11219331,NA
1080,-3.219793069,40.11219331,NA
1081,-3.826004893,39.76446172,NA
1082,-3.826004893,39.76446172,NA
1083,-3.826004893,39.76446172,1
1084,-3.22414082,40.08627707,NA
1085,-3.22414082,40.08627707,1
1086,-3.22414082,40.08627707,NA
1087,-3.22414082,40.08627707,NA
1088,-3.22414082,40.08627707,1
1089,-1.280655187,36.84627548,NA
1090,-1.280655187,36.84627548,NA
1091,-3.22414082,40.08627707,1
1092,-3.22414082,40.08627707,NA
1093,-3.826004893,39.76446172,1
1094,-3.826004893,39.76446172,1
1095,-3.826004893,39.76446172,NA
1096,-3.219793069,40.11219331,NA
1097,-1.280655187,36.84627548,NA
1098,-1.280655187,36.84627548,1
1099,-1.280655187,36.84627548,1
1100,-3.223163803,40.08609972,1
1101,-3.826004893,39.76446172,NA
1102,-3.826004893,39.76446172,NA
1103,-3.826004893,39.76446172,NA
1104,-3.826004893,39.76446172,NA
1105,-3.219793069,40.11219331,NA
1106,-3.219793069,40.11219331,NA
1107,-3.223163803,40.08609972,NA
1108,-1.280655187,36.84627548,NA
1109,-1.280655187,36.84627548,NA
1110,-3.223163803,40.08609972,1
1111,-1.280655187,36.84627548,1
1112,-1.280655187,36.84627548,NA
1113,-3.22414082,40.08627707,1
1114,-3.22414082,40.08627707,1
1115,-3.22414082,40.08627707,1
1116,-3.219793069,40.11219331,NA
1117,-3.223163803,40.08609972,NA
1118,-3.223163803,40.08609972,NA
1119,-3.223163803,40.08609972,NA
1120,-3.219793069,40.11219331,1
1121,-3.219793069,40.11219331,NA
1122,-3.219793069,40.11219331,NA
1123,-3.826004893,39.76446172,1
1124,-3.826004893,39.76446172,1
1125,-3.22414082,40.08627707,NA
1126,-3.22414082,40.08627707,1
1127,-3.22414082,40.08627707,1
1128,-3.22414082,40.08627707,NA
1129,-1.280655187,36.84627548,1
1130,-1.280655187,36.84627548,1
1131,-1.280655187,36.84627548,1
1132,-1.280655187,36.84627548,1
1133,-3.223163803,40.08609972,1
1134,-3.223163803,40.08609972,1
1135,-3.223163803,40.08609972,1
1136,-3.223163803,40.08609972,NA
1137,-3.22414082,40.08627707,1
1138,-3.22414082,40.08627707,1
1139,-3.22414082,40.08627707,NA
1140,-3.219793069,40.11219331,1
1141,-3.219793069,40.11219331,NA
1142,-1.016283022,36.91457325,NA
1143,-3.223163803,40.08609972,1
1144,-3.826004893,39.76446172,1
1145,-3.826004893,39.76446172,NA
1146,-3.223163803,40.08609972,NA
1147,-3.22414082,40.08627707,1
1148,-3.219793069,40.11219331,NA
1149,-3.219793069,40.11219331,NA
1150,-3.223163803,40.08609972,NA
1151,-3.223163803,40.08609972,NA
1152,-1.280655187,36.84627548,NA
1153,-3.223163803,40.08609972,NA
1154,-3.22414082,40.08627707,NA
1155,-3.22414082,40.08627707,NA
1156,-3.22414082,40.08627707,NA
1157,-3.22414082,40.08627707,NA
1158,-3.219793069,40.11219331,NA
1159,-3.219793069,40.11219331,NA
1160,-3.223163803,40.08609972,NA
1161,-3.223163803,40.08609972,NA
1162,-1.280655187,36.84627548,NA
1163,-1.280655187,36.84627548,NA
1164,-3.22414082,40.08627707,NA
1165,-3.219793069,40.11219331,NA
1166,-3.219793069,40.11219331,NA
1167,-3.826004893,39.76446172,NA
1168,-3.219793069,40.11219331,1
1169,-3.826004893,39.76446172,NA
1170,-3.826004893,39.76446172,NA
1171,-3.219793069,40.11219331,NA
1172,-3.826004893,39.76446172,NA
1173,-3.826004893,39.76446172,NA
1174,-3.22414082,40.08627707,NA
1175,-3.22414082,40.08627707,NA
1176,-1.280655187,36.84627548,NA
1177,-1.280655187,36.84627548,NA
1178,-0.424974285,37.46462153,1
1179,-0.424974285,37.46462153,1
1180,-0.424974285,37.46462153,NA
1181,-0.424974285,37.46462153,1
1182,-0.424974285,37.46462153,1
1183,-0.523215993,37.45247101,1
1184,-0.523215993,37.45247101,1
1185,-0.523215993,37.45247101,1
1187,-0.523215993,37.45247101,1
1188,-0.424974285,37.46462153,1
1189,-0.523215993,37.45247101,1
1190,-0.523215993,37.45247101,1
1191,-0.523215993,37.45247101,1
1192,-0.523215993,37.45247101,1
1193,-0.430576281,37.47760539,NA
1194,-0.430576281,37.47760539,NA
1195,-0.430576281,37.47760539,NA
1196,-0.430576281,37.47760539,1
1197,-2.486505577,40.43775301,1
1198,-2.486505577,40.43775301,1
1199,-2.486505577,40.43775301,1
1200,-2.486505577,40.43775301,1
1201,-2.486505577,40.43775301,NA
1202,-2.486505577,40.43775301,NA
1203,-2.486505577,40.43775301,1
1204,-2.486505577,40.43775301,1
1205,-2.486505577,40.43775301,1
1206,-2.486505577,40.43775301,1
1207,-2.486505577,40.43775301,1
1208,-0.523215993,37.45247101,1
1209,-0.523215993,37.45247101,1
1210,-0.523215993,37.45247101,1
1211,-0.523215993,37.45247101,1
1212,-0.540014726,37.45160569,1
1213,-0.430576281,37.47760539,NA
1214,-0.430576281,37.47760539,1
1215,-0.430576281,37.47760539,1
1216,-0.430576281,37.47760539,1
1217,-0.430576281,37.47760539,1
1218,-0.540014726,37.45160569,1
1219,-2.486505577,40.43775301,1
1220,-2.486505577,40.43775301,1
1221,-2.486505577,40.43775301,NA
1222,-2.486505577,40.43775301,NA
1223,-2.486505577,40.43775301,1
1224,-0.430576281,37.47760539,1
1225,-0.424974285,37.46462153,1
1226,-0.540014726,37.45160569,NA
1227,-0.540014726,37.45160569,1
1228,-0.540014726,37.45160569,NA
1229,-0.540014726,37.45160569,1
1230,-0.523215993,37.45247101,1
1231,-0.523215993,37.45247101,1
1232,-0.523215993,37.45247101,NA
1233,-0.523215993,37.45247101,NA
1234,-0.523215993,37.45247101,NA
1235,-0.424974285,37.46462153,1
1236,-0.424974285,37.46462153,1
1237,-0.424974285,37.46462153,NA
1238,-0.424974285,37.46462153,1
1239,-0.424974285,37.46462153,NA
1240,-0.424974285,37.46462153,1
1241,-0.424974285,37.46462153,1
1242,-0.424974285,37.46462153,NA
1243,-0.424974285,37.46462153,1
1244,-0.424974285,37.46462153,1
1245,-0.424974285,37.46462153,NA
1246,-0.424974285,37.46462153,NA
1247,-0.424974285,37.46462153,NA
1248,-0.424974285,37.46462153,1
1249,-0.523215993,37.45247101,NA
1250,-0.424974285,37.46462153,1
1251,-0.523215993,37.45247101,1
1252,-0.540014726,37.45160569,1
1253,-0.540014726,37.45160569,1
1254,-0.540014726,37.45160569,1
1255,-0.540014726,37.45160569,1
1256,-0.540014726,37.45160569,NA
1257,-0.540014726,37.45160569,NA
1258,-0.540014726,37.45160569,1
1259,-0.540014726,37.45160569,NA
1260,-2.486505577,40.43775301,NA
1261,-2.486505577,40.43775301,NA
1262,-2.486505577,40.43775301,NA
1263,-2.486505577,40.43775301,NA
1264,-2.486505577,40.43775301,1
1265,-0.430576281,37.47760539,1
1266,-0.430576281,37.47760539,NA
1267,-0.430576281,37.47760539,1
1268,-0.430576281,37.47760539,1
1269,-0.430576281,37.47760539,NA
1270,-0.430576281,37.47760539,NA
1271,-0.430576281,37.47760539,1
1272,-0.430576281,37.47760539,1
1273,-0.430576281,37.47760539,1
1274,-0.430576281,37.47760539,NA
1275,-0.430576281,37.47760539,1
1276,-0.430576281,37.47760539,NA
1277,-0.523215993,37.45247101,1
1278,-0.540014726,37.45160569,NA
1279,-0.540014726,37.45160569,NA
1280,-0.540014726,37.45160569,1
1281,-0.540014726,37.45160569,1
1282,-0.540014726,37.45160569,NA
1283,-0.540014726,37.45160569,NA
1284,-0.540014726,37.45160569,NA
1285,0.065231303,34.28678507,NA
1286,0.065231303,34.28678507,1
1287,0.065231303,34.28678507,1
1288,0.065231303,34.28678507,NA
1289,0.065231303,34.28678507,1
1290,0.065231303,34.28678507,1
1291,0.065231303,34.28678507,NA
1292,0.065231303,34.28678507,NA
1293,0.065231303,34.28678507,NA
1294,0.065231303,34.28678507,1
1295,0.065231303,34.28678507,1
1296,0.065231303,34.28678507,1
1297,0.065231303,34.28678507,1
1298,0.065231303,34.28678507,NA
1299,0.065231303,34.28678507,1
1300,0.065231303,34.28678507,NA
1301,0.065231303,34.28678507,NA
1302,0.065231303,34.28678507,NA
1303,0.065231303,34.28678507,NA
1304,0.065231303,34.28678507,NA
1305,0.065231303,34.28678507,NA
1306,0.065231303,34.28678507,NA
1307,0.065231303,34.28678507,NA
1308,0.065469979,34.28796477,NA
1309,0.065469979,34.28796477,NA
1310,0.065469979,34.28796477,NA
1311,0.065469979,34.28796477,NA
1312,0.065469979,34.28796477,1
1313,0.065469979,34.28796477,1
1314,0.065469979,34.28796477,NA
1315,0.065469979,34.28796477,NA
1316,0.065469979,34.28796477,NA
1317,0.065469979,34.28796477,1
1318,0.065469979,34.28796477,NA
1319,0.065469979,34.28796477,1
1320,0.065469979,34.28796477,1
1321,0.196054801,34.18935761,NA
1322,0.196054801,34.18935761,NA
1323,0.196054801,34.18935761,NA
1324,0.065231303,34.28678507,1
1325,0.065231303,34.28678507,1
1326,0.065231303,34.28678507,NA
1327,0.056656404,34.51714114,NA
1328,0.056656404,34.51714114,NA
1329,0.056656404,34.51714114,NA
1330,0.065231303,34.28678507,NA
1331,0.065231303,34.28678507,NA
1332,0.065231303,34.28678507,NA
1333,0.065231303,34.28678507,NA
1334,0.065231303,34.28678507,NA
1335,0.065231303,34.28678507,1
1336,0.065231303,34.28678507,1
1337,0.065231303,34.28678507,NA
1338,0.065231303,34.28678507,1
1339,0.065231303,34.28678507,1
1340,0.065231303,34.28678507,NA
1341,0.056656404,34.51714114,NA
1342,0.056656404,34.51714114,NA
1343,0.065231303,34.28678507,NA
1344,0.065231303,34.28678507,NA
1345,0.065231303,34.28678507,1
1346,0.065231303,34.28678507,1
1347,0.065231303,34.28678507,1
1348,0.065231303,34.28678507,1
1350,0.065231303,34.28678507,1
1351,0.065231303,34.28678507,1
1352,0.065231303,34.28678507,1
1353,0.065231303,34.28678507,1
1354,0.065231303,34.28678507,NA
1355,0.056656404,34.51714114,NA
1356,0.065469979,34.28796477,1
1357,0.065469979,34.28796477,1
1358,0.065469979,34.28796477,NA
1359,0.065469979,34.28796477,NA
1360,0.065469979,34.28796477,NA
1361,0.056656404,34.51714114,1
1363,0.056656404,34.51714114,1
1364,0.056656404,34.51714114,NA
1365,0.056656404,34.51714114,NA
1366,0.065469979,34.28796477,NA
1367,0.065469979,34.28796477,NA
1368,0.065469979,34.28796477,1
1369,0.196054801,34.18935761,1
1370,0.196054801,34.18935761,1
1371,0.065469979,34.28796477,1
1372,0.065469979,34.28796477,1
1373,0.065469979,34.28796477,NA
1374,0.065469979,34.28796477,NA
1375,0.065469979,34.28796477,NA
1376,0.196054801,34.18935761,NA
1377,0.196054801,34.18935761,NA
1378,0.196054801,34.18935761,NA
1379,0.065231303,34.28678507,NA
1380,0.065231303,34.28678507,NA
1381,0.065231303,34.28678507,NA
1382,0.065231303,34.28678507,NA
1383,0.065231303,34.28678507,NA
1384,0.196054801,34.18935761,1
1385,0.196054801,34.18935761,1
1386,0.196054801,34.18935761,1
1387,0.196054801,34.18935761,1
1388,0.196054801,34.18935761,1
1389,0.196054801,34.18935761,1
1390,0.196054801,34.18935761,1
1391,0.196054801,34.18935761,1
1392,0.196054801,34.18935761,1
1393,0.056656404,34.51714114,NA
1394,0.056656404,34.51714114,1
1395,0.056656404,34.51714114,1
1396,0.056656404,34.51714114,1
1397,0.056656404,34.51714114,NA
1398,0.056656404,34.51714114,NA
1399,0.056656404,34.51714114,1
1400,0.056656404,34.51714114,1
1401,0.056656404,34.51714114,NA
1402,0.056656404,34.51714114,NA
1403,0.056656404,34.51714114,1
1404,0.056656404,34.51714114,1
1405,0.056656404,34.51714114,NA
1406,0.196054801,34.18935761,1
1407,0.196054801,34.18935761,NA
1408,0.6475208,34.87395182,NA
1409,0.6475208,34.87395182,NA
1410,0.651269818,34.87616289,1
1411,0.651451675,34.87612009,NA
1412,0.651269818,34.87616289,NA
1413,0.6475208,34.87395182,1
1414,0.651451675,34.87612009,1
1415,0.651451675,34.87612009,NA
1416,-3.609861016,39.8623924,NA
1417,-3.609861016,39.8623924,1
1418,-3.609861016,39.8623924,1
1419,-3.609861016,39.8623924,1
1420,-3.609861016,39.8623924,1
1421,-3.609861016,39.8623924,1
1422,-3.609861016,39.8623924,NA
1423,-3.609861016,39.8623924,1
1424,-3.609861016,39.8623924,NA
1425,-3.609861016,39.8623924,NA
1426,-3.609861016,39.8623924,1
1427,-3.609861016,39.8623924,1
1428,-3.609861016,39.8623924,1
1429,-3.609861016,39.8623924,1
1430,-3.609861016,39.8623924,NA
1431,-3.609861016,39.8623924,NA
1432,-3.609861016,39.8623924,NA
1433,-3.609861016,39.8623924,NA
1434,-3.609861016,39.8623924,NA
1435,-3.609861016,39.8623924,NA
1436,-3.609861016,39.8623924,NA
1437,0.6475208,34.87395182,1
1438,0.6475208,34.87395182,1
1439,0.633755504,35.0218391,1
1440,0.633755504,35.0218391,NA
1441,0.633755504,35.0218391,NA
1442,0.6475208,34.87395182,NA
1443,0.6475208,34.87395182,1
1444,-1.253957244,36.88794055,1
1445,-1.253957244,36.88794055,1
1446,-1.253957244,36.88794055,NA
1447,-1.253957244,36.88794055,1
1448,-1.253957244,36.88794055,NA
1449,-1.253957244,36.88794055,1
1450,-1.253957244,36.88794055,NA
1451,-1.253957244,36.88794055,1
1452,-1.253957244,36.88794055,NA
1453,-1.253957244,36.88794055,1
1454,-1.253957244,36.88794055,NA
1455,-1.253957244,36.88794055,NA
1456,-1.253957244,36.88794055,NA
1457,-1.253957244,36.88794055,NA
1458,-1.253957244,36.88794055,NA
1459,-1.253957244,36.88794055,NA
1460,-1.253957244,36.88794055,NA
1461,-1.253957244,36.88794055,NA
1462,-1.253957244,36.88794055,NA
1463,-1.253957244,36.88794055,NA
1464,-1.253957244,36.88794055,NA
1465,-1.253745825,36.75036738,1
1466,-1.253745825,36.75036738,NA
1467,-1.253745825,36.75036738,1
1468,-1.253745825,36.75036738,1
1469,-1.253745825,36.75036738,NA
1470,-1.253745825,36.75036738,NA
1471,-1.250681394,36.75244144,NA
1472,0.651451675,34.87612009,1
1473,0.6475208,34.87395182,NA
1474,0.6475208,34.87395182,1
1475,0.651451675,34.87612009,1
1476,0.6475208,34.87395182,NA
1477,0.6475208,34.87395182,NA
1478,0.6475208,34.87395182,NA
1479,0.6475208,34.87395182,NA
1480,0.6475208,34.87395182,1
1481,0.6475208,34.87395182,1
1482,0.6475208,34.87395182,NA
1483,0.6475208,34.87395182,NA
1484,0.6475208,34.87395182,NA
1485,0.6475208,34.87395182,NA
1486,-3.575678316,39.86724913,1
1487,-3.575678316,39.86724913,1
1488,-3.575678316,39.86724913,1
1489,-3.575678316,39.86724913,1
1490,-3.575678316,39.86724913,1
1491,-3.575678316,39.86724913,1
1492,-3.575678316,39.86724913,NA
1493,-3.575678316,39.86724913,NA
1494,-3.575678316,39.86724913,1
1495,-3.575678316,39.86724913,1
1496,-3.575678316,39.86724913,NA
1497,-3.575678316,39.86724913,1
1498,-3.575678316,39.86724913,1
1500,-3.575678316,39.86724913,NA
1501,-3.575678316,39.86724913,NA
1502,-3.575678316,39.86724913,NA
1503,-3.575678316,39.86724913,NA
1504,-3.575678316,39.86724913,NA
1505,-3.575678316,39.86724913,NA
1506,-3.579764276,39.89489589,1
1507,-3.579764276,39.89489589,NA
1508,-3.579764276,39.89489589,1
1509,-3.579764276,39.89489589,NA
1511,-3.579764276,39.89489589,1
1512,-3.579764276,39.89489589,NA
1513,-3.579764276,39.89489589,NA
1514,-3.579764276,39.89489589,NA
1515,-3.579764276,39.89489589,1
1516,-3.579764276,39.89489589,1
1517,-3.579764276,39.89489589,NA
1518,-3.579764276,39.89489589,NA
1519,-3.579764276,39.89489589,NA
1520,-3.579764276,39.89489589,NA
1521,-3.579764276,39.89489589,NA
1522,-3.579764276,39.89489589,NA
1523,-3.579764276,39.89489589,NA
1524,-3.579764276,39.89489589,NA
1525,-3.579764276,39.89489589,NA
1526,-3.946691482,39.74501658,NA
1527,-3.946691482,39.74501658,1
1528,-3.946691482,39.74501658,1
1529,-3.946691482,39.74501658,NA
1530,-3.946691482,39.74501658,NA
1531,-3.946691482,39.74501658,NA
1532,-3.946691482,39.74501658,1
1533,-3.946691482,39.74501658,NA
1534,-3.946691482,39.74501658,NA
1535,-3.946691482,39.74501658,1
1536,-3.946691482,39.74501658,NA
1537,-3.946691482,39.74501658,1
1538,-3.946691482,39.74501658,1
1539,-3.946691482,39.74501658,1
1540,-3.946691482,39.74501658,NA
1541,-3.946691482,39.74501658,1
1542,-3.946691482,39.74501658,NA
1543,-3.946691482,39.74501658,NA
1544,-3.946691482,39.74501658,NA
1545,-3.946691482,39.74501658,1
1546,-3.946691482,39.74501658,1
1547,-3.946691482,39.74501658,NA
1548,-3.575678316,39.86724913,NA
1550,0.275181264,34.76077413,1
1551,0.275181264,34.76077413,NA
1552,0.275181264,34.76077413,1
1553,0.275181264,34.76077413,NA
1554,0.275181264,34.76077413,1
1555,0.275181264,34.76077413,1
1556,0.275181264,34.76077413,1
1557,0.275181264,34.76077413,NA
1558,0.275181264,34.76077413,NA
1559,0.275181264,34.76077413,NA
1560,0.275181264,34.76077413,NA
1561,0.275181264,34.76077413,NA
1562,0.275181264,34.76077413,1
1563,0.275181264,34.76077413,NA
1564,0.275181264,34.76077413,NA
1565,0.275181264,34.76077413,NA
1566,0.275181264,34.76077413,NA
1567,0.275181264,34.76077413,1
1568,0.275181264,34.76077413,1
1569,0.275181264,34.76077413,NA
1570,0.275181264,34.76077413,NA
1571,0.275181264,34.76077413,NA
1572,0.275181264,34.76077413,NA
1573,0.275181264,34.76077413,1
1574,0.275181264,34.76077413,NA
1575,0.275181264,34.76077413,NA
1576,0.275181264,34.76077413,1
1577,0.275181264,34.76077413,NA
1578,0.275181264,34.76077413,NA
1579,0.275181264,34.76077413,NA
1580,0.275181264,34.76077413,1
1581,0.275181264,34.76077413,1
1582,0.275181264,34.76077413,NA
1583,0.275181264,34.76077413,NA
1584,0.275181264,34.76077413,1
1585,0.275181264,34.76077413,1
1586,0.275181264,34.76077413,1
1587,0.208604266,34.75376078,1
1588,0.208604266,34.75376078,1
1589,0.208604266,34.75376078,NA
1590,0.208604266,34.75376078,1
1591,0.208604266,34.75376078,NA
1592,0.208604266,34.75376078,NA
1593,0.208604266,34.75376078,NA
1594,0.208604266,34.75376078,NA
1595,0.208604266,34.75376078,NA
1596,0.208604266,34.75376078,1
1597,0.208604266,34.75376078,NA
1598,0.208604266,34.75376078,NA
1599,0.208604266,34.75376078,NA
1600,0.208604266,34.75376078,NA
1601,0.208604266,34.75376078,1
1602,0.208604266,34.75376078,NA
1603,0.208604266,34.75376078,1
1604,0.208604266,34.75376078,1
1605,0.208604266,34.75376078,1
1606,0.208604266,34.75376078,NA
1607,0.208604266,34.75376078,NA
1608,0.208604266,34.75376078,1
1609,0.275181264,34.76077413,1
1610,0.275181264,34.76077413,NA
1611,0.275181264,34.76077413,NA
1612,0.275181264,34.76077413,1
1613,0.275181264,34.76077413,1
1614,0.275181264,34.76077413,1
1615,0.285207843,34.75153374,NA
1616,0.285207843,34.75153374,NA
1617,0.285207843,34.75153374,NA
1618,0.285207843,34.75153374,NA
1619,0.285207843,34.75153374,NA
1620,0.285207843,34.75153374,NA
1621,0.285207843,34.75153374,NA
1622,0.285207843,34.75153374,NA
1623,0.285207843,34.75153374,NA
1624,0.285207843,34.75153374,1
1625,0.285207843,34.75153374,NA
1626,0.285207843,34.75153374,1
1627,0.285207843,34.75153374,1
1628,0.285207843,34.75153374,1
1629,0.285207843,34.75153374,1
1630,0.285207843,34.75153374,1
1631,0.285207843,34.75153374,NA
1632,0.285207843,34.75153374,NA
1633,0.285207843,34.75153374,1
1634,0.285207843,34.75153374,1
1635,0.275181264,34.76077413,NA
1636,0.275181264,34.76077413,NA
1637,0.275181264,34.76077413,NA
1638,0.275181264,34.76077413,NA
1639,0.275181264,34.76077413,1
1640,0.275181264,34.76077413,1
1641,0.275181264,34.76077413,NA
1642,0.275181264,34.76077413,1
1643,0.275181264,34.76077413,1
1644,0.275181264,34.76077413,1
1645,0.275181264,34.76077413,1
1646,0.275181264,34.76077413,1
1647,0.275181264,34.76077413,1
1648,0.275181264,34.76077413,NA
1649,0.275181264,34.76077413,1
1650,-0.14525758,34.47078471,NA
1652,-0.14525758,34.47078471,NA
1653,-0.14525758,34.47078471,1
1654,-0.14525758,34.47078471,NA
1655,-0.14525758,34.47078471,1
1656,-0.14525758,34.47078471,1
1657,-0.14525758,34.47078471,NA
1658,-0.14525758,34.47078471,NA
1659,-0.14525758,34.47078471,NA
1660,-0.760685911,34.57716418,1
1661,-1.062359051,34.47956637,NA
1662,-1.062359051,34.47956637,NA
1663,-1.062359051,34.47956637,NA
1664,-1.062359051,34.47956637,1
1665,-1.062359051,34.47956637,1
1667,-1.054740122,34.4754613,1
1668,-1.054740122,34.4754613,1
1669,-1.054740122,34.4754613,NA
1670,-1.054740122,34.4754613,1
1671,-0.760685911,34.57716418,NA
1672,-0.760685911,34.57716418,NA
1673,-0.760685911,34.57716418,1
1674,-0.760685911,34.57716418,1
1675,-0.760685911,34.57716418,1
1676,-0.760685911,34.57716418,1
1677,-1.062359051,34.47956637,NA
1678,-1.062359051,34.47956637,NA
1679,-1.062359051,34.47956637,NA
1680,-1.062359051,34.47956637,NA
1681,-1.114080965,34.48229518,1
1682,-1.114080965,34.48229518,NA
1683,-1.114080965,34.48229518,1
1684,-1.114080965,34.48229518,1
1685,-1.114080965,34.48229518,1
1686,-1.114080965,34.48229518,1
1687,-1.114080965,34.48229518,1
1688,-1.114080965,34.48229518,1
1689,-1.114080965,34.48229518,1
1690,-1.114080965,34.48229518,1
1691,-0.14525758,34.47078471,NA
1692,-0.14525758,34.47078471,NA
1693,-0.14525758,34.47078471,NA
1694,-0.14525758,34.47078471,NA
1695,-0.14525758,34.47078471,NA
1696,-0.14525758,34.47078471,NA
1697,-0.14525758,34.47078471,NA
1698,-0.14525758,34.47078471,NA
1699,-0.14525758,34.47078471,NA
1700,-1.054740122,34.4754613,1
1701,-0.760685911,34.57716418,1
1702,-0.760685911,34.57716418,NA
1703,-1.054740122,34.4754613,1
1704,-1.054740122,34.4754613,1
1705,-1.054740122,34.4754613,NA
1706,-1.054740122,34.4754613,1
1707,-1.054740122,34.4754613,NA
1708,-1.114080965,34.48229518,1
1709,-1.062359051,34.47956637,1
1711,-0.14525758,34.47078471,1
1712,-1.114080965,34.48229518,NA
1713,-0.14525758,34.47078471,NA
1714,-0.14525758,34.47078471,1
1715,-1.054740122,34.4754613,NA
1716,-1.114080965,34.48229518,NA
1717,-1.114080965,34.48229518,NA
1718,-1.114080965,34.48229518,NA
1719,-1.114080965,34.48229518,NA
1720,-1.114080965,34.48229518,NA
1721,-1.114080965,34.48229518,NA
1722,-1.114080965,34.48229518,NA
1723,-1.114080965,34.48229518,1
1724,-1.054740122,34.4754613,1
1725,-1.054740122,34.4754613,NA
1726,-1.054740122,34.4754613,1
1727,0.090242818,34.72120122,NA
1728,-1.054740122,34.4754613,NA
1729,-1.054740122,34.4754613,NA
1730,-1.054740122,34.4754613,NA
1731,-1.054740122,34.4754613,NA
1732,-1.054740122,34.4754613,NA
1733,-1.114080965,34.48229518,1
1734,-1.062359051,34.47956637,1
1735,-1.062359051,34.47956637,1
1736,-1.062359051,34.47956637,1
1737,-1.062359051,34.47956637,1
1738,-1.062359051,34.47956637,1
1739,-1.062359051,34.47956637,NA
1740,-1.062359051,34.47956637,NA
1741,-1.062359051,34.47956637,1
1742,-1.062359051,34.47956637,1
1743,-1.062359051,34.47956637,1
1744,-1.062359051,34.47956637,1
1745,-0.14525758,34.47078471,1
1746,-0.14525758,34.47078471,1
1747,-0.760685911,34.57716418,1
1748,-0.760685911,34.57716418,1
1749,-0.760685911,34.57716418,1
1750,-0.760685911,34.57716418,1
1751,-0.760685911,34.57716418,1
1752,-0.760685911,34.57716418,NA
1753,-0.760685911,34.57716418,1
1754,-0.760685911,34.57716418,NA
1755,-0.760685911,34.57716418,1
1756,-0.760685911,34.57716418,NA
1757,-1.114080965,34.48229518,1
1758,-1.114080965,34.48229518,1
1759,-1.114080965,34.48229518,1
1760,-1.114080965,34.48229518,1
1761,-1.114080965,34.48229518,NA
1762,-1.054740122,34.4754613,NA
1763,-1.054740122,34.4754613,1
1764,-1.054740122,34.4754613,1
1765,0.084078524,34.7227277,NA
1766,0.084078524,34.7227277,1
1767,0.084078524,34.7227277,1
1768,0.084078524,34.7227277,NA
1769,0.084078524,34.7227277,1
1770,0.046629774,34.72621267,NA
1771,0.084078524,34.7227277,1
1772,0.090242818,34.72120122,1
1773,0.046629774,34.72621267,NA
1774,-0.960800433,36.62619657,NA
1775,-1.054740122,34.4754613,NA
1776,0.090242818,34.72120122,1
1777,0.090242818,34.72120122,1
1778,0.090242818,34.72120122,1
1779,0.090242818,34.72120122,NA
1780,0.090242818,34.72120122,1
1781,0.084078524,34.7227277,NA
1782,0.084078524,34.7227277,1
1783,0.084078524,34.7227277,NA
1784,0.084078524,34.7227277,NA
1785,0.084078524,34.7227277,NA
1786,0.084078524,34.7227277,1
1787,0.084078524,34.7227277,1
1788,0.084078524,34.7227277,NA
1789,0.090242818,34.72120122,NA
1790,0.090242818,34.72120122,1
1791,0.090242818,34.72120122,1
1792,0.084078524,34.7227277,NA
1793,0.084078524,34.7227277,NA
1794,0.090242818,34.72120122,NA
1795,0.090242818,34.72120122,1
1796,0.090242818,34.72120122,NA
1797,0.084078524,34.7227277,NA
1798,0.090242818,34.72120122,1
1799,0.084078524,34.7227277,NA
1800,0.090242818,34.72120122,1
1801,0.090242818,34.72120122,1
1802,0.090242818,34.72120122,NA
1803,0.084078524,34.7227277,NA
1804,0.084078524,34.7227277,NA
1805,0.084078524,34.7227277,1
1806,0.084078524,34.7227277,1
1807,-0.960800433,36.62619657,NA
1808,-0.960800433,36.62619657,NA
1809,0.046629774,34.72621267,1
1810,0.046629774,34.72621267,NA
1811,0.046629774,34.72621267,1
1812,0.046629774,34.72621267,1
1813,0.090242818,34.72120122,1
1814,0.046629774,34.72621267,1
1815,0.046629774,34.72621267,NA
1816,0.084078524,34.7227277,1
1817,0.084078524,34.7227277,1
1818,0.046629774,34.72621267,NA
1819,0.046629774,34.72621267,1
1820,0.046629774,34.72621267,NA
1821,0.090242818,34.72120122,NA
1822,0.090242818,34.72120122,NA
1823,0.090242818,34.72120122,1
1824,-0.022113269,34.74408902,1
1825,-0.022113269,34.74408902,1
1826,-0.022113269,34.74408902,NA
1827,-0.022113269,34.74408902,NA
1828,-0.022113269,34.74408902,1
1829,-0.022113269,34.74408902,1
1830,-0.022113269,34.74408902,1
1831,-0.960800433,36.62619657,1
1832,-0.960800433,36.62619657,1
1833,-0.960800433,36.62619657,1
1834,-0.960800433,36.62619657,1
1835,-0.960800433,36.62619657,1
1836,-0.960800433,36.62619657,1
1837,-0.022113269,34.74408902,NA
1838,-0.022113269,34.74408902,1
1839,-0.022113269,34.74408902,NA
1840,0.046629774,34.72621267,NA
1841,0.046629774,34.72621267,1
1842,0.046629774,34.72621267,1
1843,-0.022113269,34.74408902,1
1844,-0.022113269,34.74408902,1
1845,-0.960800433,36.62619657,1
1846,-0.022113269,34.74408902,NA
1847,-0.022113269,34.74408902,1
1848,-0.022113269,34.74408902,1
1849,-0.022113269,34.74408902,NA
1850,0.046629774,34.72621267,1
1851,-0.022113269,34.74408902,NA
1852,-0.960800433,36.62619657,NA
1853,-0.960800433,36.62619657,NA
1854,-0.960800433,36.62619657,NA
1855,-0.022113269,34.74408902,NA
1856,-0.022113269,34.74408902,1
1857,-0.022113269,34.74408902,NA
1858,-0.022113269,34.74408902,1
1859,-0.960800433,36.62619657,1
1860,-0.960800433,36.62619657,1
1861,0.046629774,34.72621267,NA
1862,-0.960800433,36.62619657,1
1863,-0.960800433,36.62619657,1
1864,-0.960800433,36.62619657,1
1865,-0.960800433,36.62619657,1
1866,-0.960800433,36.62619657,1
1867,-0.960800433,36.62619657,NA
1868,-0.960800433,36.62619657,NA
1869,-0.022113269,34.74408902,1
1870,-0.960800433,36.62619657,NA
1871,-0.960800433,36.62619657,1
1872,0.046629774,34.72621267,NA
1873,0.046629774,34.72621267,1
1874,0.046629774,34.72621267,1
1875,0.046629774,34.72621267,1
1876,0.046629774,34.72621267,1
1877,0.046629774,34.72621267,NA
1878,-0.960800433,36.62619657,NA
1879,-0.960800433,36.62619657,1
1880,0.046629774,34.72621267,1
1881,-4.063406982,39.65985288,1
1882,-4.063406982,39.65985288,1
1883,-4.063406982,39.65985288,1
1884,-4.063406982,39.65985288,NA
1885,-4.063406982,39.65985288,NA
1886,-4.063406982,39.65985288,NA
1887,-4.063406982,39.65985288,NA
1888,-4.063406982,39.65985288,NA
1889,-4.063406982,39.65985288,NA
1890,-4.063406982,39.65985288,1
1891,-4.063406982,39.65985288,NA
1892,-4.063406982,39.65985288,1
1893,-4.063406982,39.65985288,1
1894,-4.063406982,39.65985288,1
1895,-4.063406982,39.65985288,NA
1896,-4.063406982,39.65985288,NA
1897,-4.063406982,39.65985288,NA
1898,-4.063406982,39.65985288,NA
1899,-4.063406982,39.65985288,NA
1900,-4.063406982,39.65985288,NA
1901,-4.063406982,39.65985288,NA
1902,-4.063406982,39.65985288,NA
1903,-4.05187597,39.69310018,NA
1904,-4.05187597,39.69310018,1
1905,-4.05187597,39.69310018,1
1906,-4.05187597,39.69310018,1
1907,-4.05187597,39.69310018,NA
1908,-4.05187597,39.69310018,NA
1909,-4.05187597,39.69310018,1
1910,-4.05187597,39.69310018,NA
1911,-4.05187597,39.69310018,1
1912,-4.05187597,39.69310018,NA
1913,-4.05187597,39.69310018,NA
1914,-4.05187597,39.69310018,NA
1915,-4.05187597,39.69310018,NA
1916,-4.05187597,39.69310018,NA
1917,-4.05187597,39.69310018,NA
1918,-4.05187597,39.69310018,NA
1919,-4.05187597,39.69310018,NA
1920,-4.05187597,39.69310018,1
1921,-4.05187597,39.69310018,NA
1922,-4.05187597,39.69310018,NA
1923,-4.05187597,39.69310018,1
1924,-4.025637365,39.69565977,NA
1925,-4.025637365,39.69565977,NA
1926,-4.025637365,39.69565977,NA
1927,-4.025637365,39.69565977,1
1928,-4.025637365,39.69565977,1
1929,-4.025637365,39.69565977,1
1930,-4.025637365,39.69565977,1
1931,-4.025637365,39.69565977,NA
1932,-4.025637365,39.69565977,NA
1933,-4.025637365,39.69565977,1
1934,-4.025637365,39.69565977,NA
1936,-4.025637365,39.69565977,1
1937,-4.025637365,39.69565977,NA
1938,-4.025637365,39.69565977,NA
1939,-4.025637365,39.69565977,NA
1940,-4.025637365,39.69565977,NA
1941,-4.025637365,39.69565977,NA
1942,-4.025637365,39.69565977,NA
1943,-4.025637365,39.69565977,NA
1944,-4.025637365,39.69565977,NA
1945,-4.063707862,39.66663648,1
1946,-4.063707862,39.66663648,NA
1947,-4.063707862,39.66663648,1
1948,-4.063707862,39.66663648,1
1949,-4.063707862,39.66663648,NA
1950,-4.063707862,39.66663648,1
1951,-4.063707862,39.66663648,NA
1952,-4.063707862,39.66663648,NA
1953,-4.063707862,39.66663648,1
1954,-4.063707862,39.66663648,1
1955,-4.063707862,39.66663648,1
1957,-4.063707862,39.66663648,NA
1958,-4.063707862,39.66663648,1
1959,-4.063707862,39.66663648,1
1960,-4.063707862,39.66663648,NA
1961,-4.063707862,39.66663648,1
1962,-4.063707862,39.66663648,1
1963,-4.063707862,39.66663648,NA
1964,-4.063707862,39.66663648,NA
1965,-4.063707862,39.66663648,NA
1966,-4.003897815,39.69829208,1
1967,-4.003897815,39.69829208,NA
1968,-4.003897815,39.69829208,1
1969,-4.003897815,39.69829208,1
1970,-4.003897815,39.69829208,NA
1971,-4.003897815,39.69829208,NA
1972,-4.003897815,39.69829208,1
1973,-4.003897815,39.69829208,NA
1974,-4.003897815,39.69829208,NA
1975,-4.003897815,39.69829208,NA
1976,-4.003897815,39.69829208,NA
1977,-4.003897815,39.69829208,NA
1978,-4.003897815,39.69829208,NA
1979,-4.003897815,39.69829208,1
1980,-4.003897815,39.69829208,NA
1981,-4.003897815,39.69829208,1
1982,-4.003897815,39.69829208,NA
1983,-4.003897815,39.69829208,NA
1984,-4.003897815,39.69829208,NA
1985,-4.003897815,39.69829208,NA
1986,-4.003897815,39.69829208,NA
1987,-4.003897815,39.69829208,NA
1988,-4.040374335,39.66426192,NA
1989,-4.040374335,39.66426192,1
1990,-4.040374335,39.66426192,NA
1991,-4.040374335,39.66426192,NA
1992,-4.040374335,39.66426192,NA
1993,-4.040374335,39.66426192,NA
1994,-4.040374335,39.66426192,1
1995,-4.040374335,39.66426192,NA
1996,-4.040374335,39.66426192,NA
1997,-4.040374335,39.66426192,NA
1998,-4.040374335,39.66426192,NA
1999,-4.040374335,39.66426192,NA
2000,-4.040374335,39.66426192,1
2001,-4.040374335,39.66426192,1
2002,-4.040374335,39.66426192,1
2003,-4.040374335,39.66426192,NA
2004,-4.040374335,39.66426192,NA
2005,-4.040374335,39.66426192,1
2006,-4.040374335,39.66426192,1
2007,-4.040374335,39.66426192,1
2008,-1.041188884,37.0787284,NA
2009,-0.110336674,35.94205931,NA
2010,-1.522391812,37.26633915,1
2011,-0.523215993,37.45247101,1
2012,0.065231303,34.28678507,1
2013,-4.063707862,39.66663648,1
2014,0.056656404,34.51714114,1
2015,-1.062359051,34.47956637,1
